incident_id,contract_id,vendor_id,incident_type,description,severity,detected_date,resolved_date,resolution_description,financial_impact,root_cause,preventive_action,reported_by
INC-0001,CON-0014,V018,SLA Breach,Critical incident response exceeded 4-hour SLA by 6 hours,High,2023-07-31,2023-10-12,Service credits applied per SLA terms,298428.84,Communication breakdown between vendor and contract owner,Require monthly compliance attestation from vendor,Michael Torres
INC-0002,CON-0024,V007,Regulatory Non-Compliance,Missing required annual compliance certification,Medium,2024-11-08,,,33964.97,Inadequate monitoring of vendor compliance deadlines,Add compliance checkpoints to vendor scorecard process,David Okonkwo
INC-0003,CON-0007,V011,Regulatory Non-Compliance,Missing required annual compliance certification,Low,2023-10-14,2023-11-29,Corrective action plan implemented and verified,3381.17,Vendor organizational restructuring,Add compliance checkpoints to vendor scorecard process,Emily Svensson
INC-0004,CON-0047,V016,Regulatory Non-Compliance,Missing required annual compliance certification,Medium,2024-09-05,2024-09-21,Vendor completed remediation and passed follow-up audit,25780.67,System migration caused tracking lapse,Require monthly compliance attestation from vendor,David Okonkwo
INC-0005,CON-0037,V018,Missing Documentation,Background check documentation missing for assigned staff,Low,2023-09-04,,,3320.72,Manual process prone to human error,Establish quarterly compliance review cadence,Emily Svensson
INC-0006,CON-0031,V001,Data Privacy Violation,Data breach notification delayed beyond 72-hour requirement,High,2024-10-19,2024-11-29,Service credits applied per SLA terms,273655.27,Communication breakdown between vendor and contract owner,Create escalation workflow for compliance deadlines,Karen Liu
INC-0007,CON-0007,V011,Insurance Lapse,Vendor general liability insurance lapsed for 15 days before renewal,High,2024-09-13,2024-10-08,Vendor completed remediation and passed follow-up audit,228259.07,Lack of automated compliance alerts,Deploy automated SLA monitoring dashboard,Michael Torres
INC-0008,CON-0012,V008,Regulatory Non-Compliance,Vendor failed to meet updated regulatory reporting requirements,High,2024-03-07,2024-04-27,Service credits applied per SLA terms,41210.27,Communication breakdown between vendor and contract owner,Implement automated renewal tracking alerts,David Okonkwo
INC-0009,CON-0047,V016,Regulatory Non-Compliance,Missing required annual compliance certification,High,2024-01-26,2024-02-11,Amendment executed to address compliance gap,47591.84,Vendor internal resource constraints,Create escalation workflow for compliance deadlines,Sarah Mitchell
INC-0010,CON-0012,V008,Data Privacy Violation,Employee PII stored in non-compliant cloud region,High,2023-06-10,2023-07-28,Vendor provided updated documentation within remediation period,494077.45,Lack of automated compliance alerts,Add compliance checkpoints to vendor scorecard process,David Okonkwo
INC-0011,CON-0008,V014,Data Privacy Violation,Data breach notification delayed beyond 72-hour requirement,Low,2023-09-13,2023-11-04,Service credits applied per SLA terms,3867.3,Communication breakdown between vendor and contract owner,Add compliance checkpoints to vendor scorecard process,Sarah Mitchell
INC-0012,CON-0039,V015,Insurance Lapse,Cyber insurance coverage gap detected during quarterly review,High,2024-08-24,2024-09-25,Amendment executed to address compliance gap,374134.42,Lack of automated compliance alerts,Create escalation workflow for compliance deadlines,James Rodriguez
INC-0013,CON-0009,V020,Late Payment,Invoice payment exceeded Net 30 terms by 22 days,High,2025-01-24,,,175767.82,Lack of automated compliance alerts,Require monthly compliance attestation from vendor,James Rodriguez
INC-0014,CON-0020,V006,Regulatory Non-Compliance,Missing required annual compliance certification,Low,2024-12-18,,,1424.6,Process gap in vendor management workflow,Strengthen vendor onboarding compliance checklist,James Rodriguez
INC-0015,CON-0039,V015,Data Privacy Violation,Employee PII stored in non-compliant cloud region,Medium,2023-07-26,,,39688.9,Vendor internal resource constraints,Create escalation workflow for compliance deadlines,David Okonkwo
INC-0016,CON-0011,V020,Data Privacy Violation,Data breach notification delayed beyond 72-hour requirement,High,2023-08-12,2023-08-18,Service credits applied per SLA terms,466962.2,Communication breakdown between vendor and contract owner,Integrate vendor management system with contract repository,Emily Svensson
INC-0017,CON-0032,V011,Missing Documentation,Background check documentation missing for assigned staff,High,2024-09-25,,,385183.52,Process gap in vendor management workflow,Establish quarterly compliance review cadence,Sarah Mitchell
INC-0018,CON-0021,V020,Data Privacy Violation,Personal data transferred to unauthorized third-party processor,Critical,2024-07-12,2024-10-05,Amendment executed to address compliance gap,250524.48,Lack of automated compliance alerts,Integrate vendor management system with contract repository,Michael Torres
INC-0019,CON-0031,V001,Late Payment,Payment delayed due to internal approval process failure,Medium,2025-02-20,2025-03-07,Service credits applied per SLA terms,3951.08,Vendor internal resource constraints,Add compliance checkpoints to vendor scorecard process,Emily Svensson
INC-0020,CON-0026,V019,Unauthorized Subcontracting,Vendor subcontracted work to unapproved third party,Medium,2024-08-21,,,42323.41,Process gap in vendor management workflow,Deploy automated SLA monitoring dashboard,Sarah Mitchell
INC-0021,CON-0033,V014,Late Payment,Three consecutive late payments reported in the quarter,High,2023-07-27,2023-10-24,Amendment executed to address compliance gap,87822.95,Process gap in vendor management workflow,Add compliance checkpoints to vendor scorecard process,Michael Torres
INC-0022,CON-0001,V001,SLA Breach,Helpdesk resolution time exceeded SLA for 12% of tickets,Critical,2024-11-17,2024-12-25,Corrective action plan implemented and verified,185934.72,System migration caused tracking lapse,Establish quarterly compliance review cadence,Sarah Mitchell
INC-0023,CON-0027,V012,Unauthorized Subcontracting,Subcontractor used without required prior written consent,Medium,2024-02-25,,,28832.58,Inadequate monitoring of vendor compliance deadlines,Create escalation workflow for compliance deadlines,David Okonkwo
INC-0024,CON-0038,V008,Missing Documentation,SOW amendment not formally documented or signed,Medium,2025-01-01,2025-01-26,Service credits applied per SLA terms,38666.45,Inadequate monitoring of vendor compliance deadlines,Deploy automated SLA monitoring dashboard,Michael Torres
INC-0025,CON-0038,V008,Insurance Lapse,Vendor general liability insurance lapsed for 15 days before renewal,High,2023-06-13,2023-08-17,Service credits applied per SLA terms,191489.74,Communication breakdown between vendor and contract owner,Add compliance checkpoints to vendor scorecard process,Sarah Mitchell
INC-0026,CON-0041,V001,Unauthorized Subcontracting,Vendor subcontracted work to unapproved third party,Medium,2024-07-31,,,15996.76,Inadequate monitoring of vendor compliance deadlines,Require monthly compliance attestation from vendor,Sarah Mitchell
INC-0027,CON-0038,V008,Insurance Lapse,Vendor general liability insurance lapsed for 15 days before renewal,Medium,2024-11-10,,,47703.97,Inadequate monitoring of vendor compliance deadlines,Create escalation workflow for compliance deadlines,Karen Liu
INC-0028,CON-0025,V011,Missing Documentation,SOW amendment not formally documented or signed,Medium,2023-06-09,2023-07-21,Formal warning issued; vendor corrected within 10 business days,39225.36,Vendor internal resource constraints,Create escalation workflow for compliance deadlines,Karen Liu
INC-0029,CON-0043,V008,Certificate Expiry,ISO 27001 certification expired and renewal pending,High,2024-12-11,,,122563.44,Process gap in vendor management workflow,Integrate vendor management system with contract repository,Sarah Mitchell
INC-0030,CON-0019,V016,Missing Documentation,Background check documentation missing for assigned staff,High,2023-06-10,,,731.02,Lack of automated compliance alerts,Strengthen vendor onboarding compliance checklist,Sarah Mitchell
INC-0031,CON-0054,V003,Expired Contract,Maintenance services contract MSA-2021-0156 expired June 30 2023 with no renewal executed. Services continued under implied contract creating legal and operational risk.,High,2023-08-15,,Under review. New agreement being negotiated.,46100.00,Renewal tracking gap. No automated expiration alerts configured.,Implement automated contract expiration alerts at 90 and 60 and 30 days prior to expiry.,Marc-Andre Bouchard
INC-0032,CON-0054,V003,Insurance Non-Compliance,ProMaintain Services insurance coverage (1M/2M CGL) falls below current policy minimum (2M/5M). Contoso not named as additional insured.,High,2023-09-01,,Pending contract renewal. Insurance update required as condition of new agreement.,0.00,Contract predates January 2024 policy update (PROC-POL S6.1) and was not reviewed at policy change.,Add policy change trigger to review all active contracts against updated requirements.,Elena Vasquez
INC-0033,CON-0054,V003,Certification Lapse,ProMaintain Services industry safety certification from 2020 has expired (2-year validity). Maintenance organization certificate from 2019 requires renewal verification.,Medium,2023-09-15,,Requested updated certificates from vendor. Awaiting response.,0.00,No systematic tracking of vendor certification expiration dates.,Add vendor certification tracking to compliance monitoring system.,Elena Vasquez
INC-0034,CON-0052,V002,Contract Risk,GlobalServe Consulting Ltd IT consulting agreement GS-2024-1187 submitted with 18 major risk flags including unlimited Contoso liability and vendor-owned IP and no insurance requirements.,High,2024-01-25,,Contract flagged for comprehensive renegotiation. Execution blocked pending legal review.,0.00,Vendor-drafted contract without Contoso legal input.,Require Contoso template or legal pre-review for all contracts over 500K.,Kwame Osei-Mensah
